numero_de_cliente,foto_mes,prediction,clase_ternaria_202109
4231431,202109,1.0000000036274914e-15,BAJA+2
494389234,202109,1.0000000036274914e-15,BAJA+2
4,202109,1.0000000036274914e-15,BAJA+2
5,202109,1.0000000036274914e-15,BAJA+2
6,202109,1.0000000036274914e-15,BAJA+2
7,202109,1.0000000036274914e-15,BAJA+2
