numero_de_cliente,foto_mes,prediction,clase_ternaria_202109
4231431,202108,1.0000000036274914e-15,BAJA+1
494389234,202108,1.0000000036274914e-15,BAJA+1
4,202108,1.0000000036274914e-15,BAJA+1
6,202108,1.0000000036274914e-15,BAJA+1
7,202108,1.0000000036274914e-15,BAJA+1
5,202108,1.0000000036274914e-15,BAJA+1
