numero_de_cliente,foto_mes,prediction,clase_ternaria_202109
4231431,202104,0.9992644420361606,CONTINUA
494389234,202104,0.999091983274353,CONTINUA
4,202104,0.999091983274353,CONTINUA
5,202104,0.999091983274353,CONTINUA
6,202104,0.9988936100807896,CONTINUA
7,202104,0.9988936100807896,CONTINUA
