numero_de_cliente,foto_mes,prediction,clase_ternaria_202109
4231431,202106,1.0000000036274914e-15,CONTINUA
494389234,202106,1.0000000036274914e-15,CONTINUA
4,202106,1.0000000036274914e-15,CONTINUA
5,202106,1.0000000036274914e-15,CONTINUA
6,202106,1.0000000036274914e-15,CONTINUA
7,202106,1.0000000036274914e-15,CONTINUA
