{
  "numero_de_cliente": 0.0,
  "foto_mes": 821.8319547697902,
  "active_quarter": 0.0,
  "cliente_vip": 0.0,
  "internet": 0.0,
  "cliente_edad": 0.0,
  "cliente_antiguedad": 7.0321900844573975,
  "mrentabilidad": 34.32379353489677,
  "mrentabilidad_annual": 2.2881199722225825,
  "mcomisiones": 0.20181863920940302,
  "mactivos_margen": 19.62178072815732,
  "mpasivos_margen": 2.7899122621396035,
  "cproductos": 0.0,
  "tcuentas": 0.0,
  "ccuenta_corriente": 0.0,
  "mcuenta_corriente_adicional": 0.0,
  "mcuenta_corriente": 53.08176946640015,
  "ccaja_ahorro": 0.0,
  "mcaja_ahorro": 0.08148988110328424,
  "mcaja_ahorro_adicional": 0.0,
  "mcaja_ahorro_dolares": 0.0,
  "cdescubierto_preacordado": 0.0,
  "mcuentas_saldo": 30.68105525075225,
  "ctarjeta_debito": 0.0,
  "ctarjeta_debito_transacciones": 0.0,
  "mautoservicio": 1.8956600427627563,
  "ctarjeta_visa": 0.0,
  "ctarjeta_visa_transacciones": 0.0,
  "mtarjeta_visa_consumo": 268.7637586593628,
  "clase_binaria": 0.0
}
